current_path	sha256	evidence
components/noor/AppSidebar.vue	0a86303f939caed0242d1e3d1f8cc040a24e15a4d1635e3b3a54584a3acf194d	vite-cache-devtools:components/noor/AppSidebar.vue
components/noor/BaseToast.vue	73c5d04ca7c8333962118bcd7122d9fe78e0ee7752602da83e2c54cf49b6fdee	vite-cache-chromium:components/noor/BaseToast.vue; vite-cache-cdp:components/noor/BaseToast.vue
components/noor/ConfirmDialog.vue	63158987e94b534d18dd1a2d904dd8d8263c4fc6be32b59ebffb5887bebdd0b0	vite-cache-chromium:components/noor/ConfirmDialog.vue; vite-cache-devtools:components/noor/ConfirmDialog.vue; vite-cache-cdp:components/noor/ConfirmDialog.vue
components/noor/JobCard.vue	11da55b6bccbc71d2c8908f27a264ed2a291365197d475bdb5bfa9d320ce48e3	vite-cache-chromium:components/noor/JobCard.vue
components/noor/JobChainPanel.vue	4fae11b3bd0727c4203ee624d5ee8a6fcd13a9d0683a59a7a0f26bf52c0d8a41	vite-cache-chromium:components/noor/JobChainPanel.vue
components/noor/LogViewer.vue	9494fe09840915c4efd0a16ffb56b9e630e8bab7a10b291506d0e636b01fe7d9	vite-cache-chromium:components/noor/LogViewer.vue
components/noor/MediaCard.vue	961afd973fb3ae67a555e3bc1616517fe571d0b1b5458330de30550aa40456a6	vite-cache-devtools:components/noor/MediaCard.vue
components/noor/MediaDetailPanel.vue	fb1c04a34d4b9fb81cd26b573c76a8b80bb96e44586aeea1a011d4eb5123cc7a	vite-cache-chromium:components/noor/MediaDetailPanel.vue
components/noor/SystemLogPanel.vue	6b114d32e3fcb01edf28f6868f1ad70e4ee3129364dab288a146d28089c6522e	vite-cache-devtools:components/noor/SystemLogPanel.vue
components/noor/panels/FilePathSelector.vue	e199a5465bab969277cdaf1921e06114fc6e9f235ad185005047a8eac2bc6448	vite-cache-devtools:components/noor/panels/FilePathSelector.vue
components/noor/panels/PanelHeader.vue	4ae54ebca6d1fc958b4a4d15527c8019d76d4885cf2e401eedf28a79adf44d0e	vite-cache-devtools:components/noor/panels/PanelHeader.vue
components/ui/ActivityCard.vue	320eb42e42a27f48822f085746c0e9ecc396dd4faebd7867f7faa81c4f37b27a	vite-cache-chromium:components/ui/ActivityCard.vue; vite-cache-devtools:components/ui/ActivityCard.vue
components/ui/AnimatedGradientCanvas.vue	7955b46b26f2c75ab002eccd2ae96c218dcdf1ef88a7a0ce0569c7edce8a9220	vite-cache-chromium:components/ui/AnimatedGradientCanvas.vue
components/ui/Badge/VuiBadge.vue	56a83981669ad1a7164abd2a59e583778dfb01d5781decf441abbf76c55824e0	vite-cache-chromium:components/ui/Badge/VuiBadge.vue
components/ui/BaseModal.vue	b560feb9cfa78a1df8d00bdb0cd05f5629d67e9302e4d144e881a0c0a4cfbfd5	vite-cache-chromium:components/ui/BaseModal.vue; vite-cache-cdp:components/ui/BaseModal.vue
components/ui/Button/VuiButton.vue	40d4d397774a10d6e3d2512196972feac602f830559ef0ca97fa1fea7210f81c	vite-cache-chromium:components/ui/Button/VuiButton.vue; vite-cache-cdp:components/ui/Button/VuiButton.vue
components/ui/FieldRow/FieldRow.vue	27961d08d9d0716c17522efc37a18888d9ebe037c973c034332685fafbe161d9	vite-cache-chromium:components/ui/FieldRow/FieldRow.vue
components/ui/Pagination.vue	0e60eb3263ff0af0bb76b123999ad8dba1b7ac68578947c94267af12b64233db	vite-cache-chromium:components/ui/Pagination.vue; vite-cache-devtools:components/ui/Pagination.vue
components/ui/Progress/VuiProgress.vue	7ec52a6066ebd3f4e453b94cfaa9311794b85ef98ef6074712e2bcc702b94803	vite-cache-chromium:components/ui/Progress/VuiProgress.vue
components/ui/SettingsSwitch.vue	47d906a994bcc4613d0902d7967f891a896712e6c4563b71a339945fcefc1930	vite-cache-chromium:components/ui/SettingsSwitch.vue
components/ui/SubmitButton.vue	079195bd1452cbb0bdb220034d97d8a9c2a0c57a6a45efdf7554f2ab8230f73f	vite-cache-devtools:components/ui/SubmitButton.vue
components/ui/WelcomeMark.vue	8b3593c40d20d7cb9fb1c11732fb6f5fb17808a29afea424c6ad7f8f50716bba	vite-cache-chromium:components/ui/WelcomeMark.vue
composables/useI18n.ts	3f8c71a27f2b49506b072b9830d0cdadb6a61b30bfc7bfe975231b1f8b621a71	raw-vite-sourcemaps:242e06a6f292-useI18n.ts
composables/useJobPresentation.ts	164e9ba1878e2e9f7596a68e65dcddcb2f85e35f772b69c202dec245d691422a	raw-vite-sourcemaps:61002e1ea141-useJobPresentation.ts
views/Dashboard.vue	1d96280e0cb06b424d1e2d9f80e2e17b579b3c918e731d785a98206a402093bc	vite-cache-devtools:views/Dashboard.vue
views/History.vue	23fafe5b07e61cf3de003fd949ef4ba1d3b9927fa9e9b51e6059cd6f293e8cdc	vite-cache-chromium:views/History.vue
views/Home.vue	e760fc8d3a87719268000eab8b471730573e3c5aefe532e7388f6a38de9fd5cd	raw-vite-sourcemaps:89ad8dbfc20f-Home.vue; raw-vite-sourcemaps:f45e3e5c6fbf-Home.vue; raw-vite-sourcemaps:a283058d6f7a-Home.vue; vite-cache-devtools:views/Home.vue
views/settings/LadaSettings.vue	fb45f9fc965131dff3da089300d8943a73c14bc3bfb6d1063d52baa4f95764e8	vite-cache-chromium:views/settings/LadaSettings.vue
composables/useTheme.ts	3531c1a51ec5b7ee7ffe9596d9dccfd6937decd72cd8acf3414510e6303bddc6	raw-vite-sourcemaps:6efa558bbf0c-useTheme.ts
main.ts	320dd7e47c8a9b912393ae6374e46fcda00a38e8903734c0b4a4eba1f656a88f	raw-vite-sourcemaps:de962be17590-main.ts
components/noor/SubtitlePreview.vue	653002845abac09705718fd795421bdcfa4436232fc4698c544c2c6d3c62dbe4	early-apr12:noor-original-apr12/noor/frontend/src/components/noor/SubtitlePreview.vue
components/ui/FilterPanel.vue	a99502f341fa508482a9e89afa4684bfe45cb4c65ee2439ba508f15cff4b0b7d	early-session-replay:2026-04-12-rollout:FilterPanel.vue
